<?xml version='1.0' encoding='UTF-8'?>
<?artifactRepository version='1.1.0'?>
<repository name='file:/C:/Users/gennaro.spagnoli/dev/workspace_esb_training/instagram-connect-connector/target/update-site/ - artifacts' type='org.eclipse.equinox.p2.artifact.repository.simpleRepository' version='1'>
  <properties size='2'>
    <property name='p2.timestamp' value='1455624095836'/>
    <property name='p2.compressed' value='false'/>
  </properties>
  <mappings size='3'>
    <rule filter='(&amp; (classifier=osgi.bundle))' output='${repoUrl}/plugins/${id}_${version}.jar'/>
    <rule filter='(&amp; (classifier=binary))' output='${repoUrl}/binary/${id}_${version}'/>
    <rule filter='(&amp; (classifier=org.eclipse.update.feature))' output='${repoUrl}/features/${id}_${version}.jar'/>
  </mappings>
  <artifacts size='2'>
    <artifact classifier='osgi.bundle' id='org.mule.tooling.ui.contribution.instagram-connect.3.5.0' version='1.0.0.201602161301'>
      <properties size='3'>
        <property name='artifact.size' value='358617'/>
        <property name='download.size' value='358617'/>
        <property name='download.md5' value='b546a24ba840b609578ce5707447dd84'/>
      </properties>
    </artifact>
    <artifact classifier='org.eclipse.update.feature' id='org.mule.tooling.ui.extension.instagram-connect-connector.3.5.0' version='1.0.0.201602161301'>
      <properties size='4'>
        <property name='artifact.size' value='651'/>
        <property name='download.size' value='651'/>
        <property name='download.md5' value='68878c89f364af995a89d6986c29443f'/>
        <property name='download.contentType' value='application/zip'/>
      </properties>
    </artifact>
  </artifacts>
</repository>
